INSERT INTO `care` (care_name, is_active)
VALUES ('опрыскивание', 1),
       ('обрезка', 1),
       ('пересадка', 1);

INSERT INTO `plants`
VALUES (5, 'Сансевиерия цилиндрика', 'Спаржевые', 'Драцена',
        'Достаточно неприхотливое растение, не требующее никаких особенных условий содержания. Сансевиерия любит яркое солнце и достаточный полив, но неплохо переносит и затемнённое помещение, влажность воздуха не играет роли. Правда, для зацветания растение необходимо держать на солнечном подоконнике. Соцветие состоит из белых цветков на длинной цветочной стрелке, они обладают нежным ароматом. У сансевиерии ползучее корневище, на нём появляются прикорневые листья. Для выращивания растения предпочтительна широкая неглубокая ёмкость, заполненная рыхлой смесью (четыре части дерновой земли, две части листовой и по одной части перегноя и речного песка).
        Размножают обычно весной делением куста или делением корней.
        Длинные листовые пластины имеют форму цилиндра с очень острыми кончиками. Цвет листьев темно-зеленый с полосатым рисунком желтого и серебряного оттенков. Короткий цветонос располагается в середине розетки. Цветы представляют собой маленькие звезды с пятью лепестками, молочного цвета с бледно-розовыми прожилками.',
        'Длинные листовые пластины имеют форму цилиндра с очень острыми кончиками. Цвет листьев темно-зеленый с полосатым рисунком.',
        1)
     , (6, 'Сансевиерия трехполосная', 'Спаржевые', 'Драцена',
        'Достаточно неприхотливое растение, не требующее никаких особенных условий содержания. Сансевиерия любит яркое солнце и достаточный полив, но неплохо переносит и затемнённое помещение, влажность воздуха не играет роли. Правда, для зацветания растение необходимо держать на солнечном подоконнике. Соцветие состоит из белых цветков на длинной цветочной стрелке, они обладают нежным ароматом. У сансевиерии ползучее корневище, на нём появляются прикорневые листья. Для выращивания растения предпочтительна широкая неглубокая ёмкость, заполненная рыхлой смесью (четыре части дерновой земли, две части листовой и по одной части перегноя и речного песка).
        Размножают обычно весной делением куста, так называемыми листовыми черенками или делением корней. Листовые пластины в форме вытянутого овала, темно-зеленого цвета с полосатым рисунком в коричневых тонах. Длина листовой пластины составляет один метр.',
        'Листовые пластины в форме вытянутого овала, темно-зеленого цвета с полосатым рисунком в коричневых тонах.',
        1)
     , (7, 'Сансевиерия трехполосная лауренти', 'Спаржевые', 'Драцена',
        'Достаточно неприхотливое растение, не требующее никаких особенных условий содержания. Сансевиерия любит яркое солнце и достаточный полив, но неплохо переносит и затемнённое помещение, влажность воздуха не играет роли. Правда, для зацветания растение необходимо держать на солнечном подоконнике. Соцветие состоит из белых цветков на длинной цветочной стрелке, они обладают нежным ароматом. У сансевиерии ползучее корневище, на нём появляются прикорневые листья. Для выращивания растения предпочтительна широкая неглубокая ёмкость, заполненная рыхлой смесью (четыре части дерновой земли, две части листовой и по одной части перегноя и речного песка).
        Размножают обычно весной делением куста, делением корней. Листовые пластины в форме вытянутого овала, темно-зеленого цвета с полосатым рисунком в коричневых тонах. Кромка листа окрашена в желтый цвет Длина листовой пластины составляет один метр.',
        'Род назван по имени итальянского князя Сансевиеро, который жил в XVIII веке.
        Известна под названием «щучий хвост», «тёщин язык», «змеиная кожа».',
        1)
     , (8, 'Рафидофора Тетрасперма', 'Ароидные', 'Рафидофо́ра',
        'Родом из тропических лесов Индии.
        Рафидофора - вечнозеленая лиана с лазящими толстыми стеблями, часто свисающими воздушными корнями. Листья крупные, кожистые. Черешок длинный, у основания влагалищный. Соцветие — початок, толстый, цилиндрический. Цветки у основания початка стерильные, выше — обоеполые.
        В целом Рафидофоры неприхотливы, выращивать их довольно легко, и, может быть, поэтому эти вечнозеленые тропические лианы с красиво рассеченными темно-зелеными кожистыми листьями разной формы являются одними из самых излюбленных комнатных растений. Надо только учитывать, что даже в комнатных условиях эти растения вытягиваются на несколько метров, поэтому выращивать их лучше в прохладных и просторных офисах, фойе и холлах. Можно использовать для затенения (как лазящие растения) и для шпалер.
        Идеально приживаются в отапливаемых зимних садах.
        Растение способствует ионизации воздуха в помещении. ',
        'Красивая одревесневающая вечнозеленая лиана с эффектными резными листьями семейства Ароидные.',
        1)
     , (9, 'Фикус Лировидный', 'Фикус', 'Тутовые',
        'Фикус лировидный часто начинает своё существование как эпифит высоко в кроне другого дерева. Его длинные воздушные корни постепенно достигают почвы, где они оплетают ствол дерева-опоры и могут вызвать его отмирание. Также может развиваться как отдельно стоящее дерево, достигая высоты 12—15 метров. Листья крупные, кожистые, с восковым налетом, волнистыми краями, к концу расширяющиеся, по форме напоминают лиру или скрипку. Размер листа около 50 см в длину и 30 см в ширину. Плоды зеленые диаметром 2—3 см.
           Пользуется популярностью благодаря необычной форме листьев. Светолюбивое растение. При хорошем уходе очень быстро растет. Требует высокой влажности, желательно регулярное опрыскивание. Нуждается в опоре для придания устойчивости. Размножается стеблевыми черенками и воздушными отводками.',
        'Вечнозеленое дерево, из рода Фикус семейства Тутовые (Moraceae)',
        1)
     ,  (10, 'Фикус Каучуконосный (Эластка)  Абиджан', 'Фикус', 'Тутовые',
        'Фикус каучуконосный — вечнозеленое дерево, достигающее в высоту 30-40 метров.
        Молодые листья темно-красного, почти свекольного цвета, взрослые — глубокого темно-зеленого цвета. Листовая пластина достигает около 25 см в длину и 18 см в ширину. Центральная жилка сверху зеленая, а снизу — бордовая.
         свещение
            Место для фикуса Абиджан надо найти светлое, без попадания прямого солнца. При размещении фикуса в темном месте рост растения замедляется.
            Внимание! Попав в незнакомые условия, фикус может начать сбрасывать листву. Не стоит беспокоиться по этому поводу – это реакция на новое место. Через какое-то время фикус привыкнет и быстро пойдет в рост.
        Температура
        Это теплолюбивое дерево предпочитает температуру от +18 +24С. Зимой отметка термометра должна быть +15 +17С. Абсолютно недопустимо появление сквозняков – фикус может сбросить листву или покрыться темными пятнами.
        Полив
        Каучуконосные фикусы, к роду которым относится фикус Абиджан, предпочитают умеренный полив. Но не следует допускать пересушивания земли. Полив производится теплой, отстоянной водой. Летом поливать можно один-два раза в неделю, зимой сократить поливы вдвое.
        Влажность воздуха
        У этого фикуса нет особых требований к влажности, хотя время от времени его следует опрыскивать. Любит опрыскивание и протирание листьев влажной тряпочкой.
        Удобрение
        В теплое время года фикусу нужна подкормка универсальными удобрениями один-два раза в месяц.',
        'Вид растений из рода Фикус (Ficus) семейства Тутовые (Moraceae).
            Родина растения — северо-восток Индии (Ассам) и юг Индонезии (острова Суматра и Ява). Ствол содержит до 15% каучука.',
        1);

INSERT INTO `plant_care` (care_id, plant_id, care_count, care_volume)
VALUES (1, 5, 7, 50.0),
       (2, 5, 14, 50.0),
       (1, 6, 7, 50.0),
       (2, 6, 14, 50.0),
       (1, 7, 7, 50.0),
       (2, 7, 14, 50.0),
       (1, 8, 7, 50.0),
       (2, 8, 14, 50.0),
       (3, 8, 1, 50.0),
       (5, 8, 365, 0),
       (1, 9, 7, 50.0),
       (2, 9, 14, 50.0),
       (3, 9, 1, 50.0),
       (1, 10, 7, 50.0),
       (2, 10, 14, 50.0),
       (4, 10, 165, 0);


INSERT INTO `plant_photos`
VALUES (5, 'sansevieria_cilindrica.jpg'),
       (6, 'sansevieria_trifasciata.jpg'),
       (7, 'Sanseviera_laurenti.jpg'),
       (8, 'monstera_minima.jpg'),
       (9, 'fiddle_leaf_fig_plant.jpg'),
       (10, 'rubber_plant_robusta.jpg');